{
	"id": "2d2bb92a-c6da-4d53-9e14-7ec661794120",
	"name": "API",
	"description": null,
	"auth": null,
	"events": [
		{
			"listen": "prerequest",
			"script": {
				"id": "98ba2fdc-a7c6-4a6f-a5c7-57045e8addf9",
				"type": "text/javascript",
				"exec": [
					""
				]
			}
		},
		{
			"listen": "test",
			"script": {
				"id": "be8672b2-dedd-41d6-b577-7c39c517ae28",
				"type": "text/javascript",
				"exec": [
					""
				]
			}
		}
	],
	"variables": null,
	"order": [
		"cc2e3f49-fbcb-42ac-b75f-8f3211a5b067",
		"13464cf2-7ec2-4b78-86df-6893c024dd65",
		"15823774-8ccb-4240-8727-b4dac38208e0",
		"3240b4c0-a8b6-42fd-bbf5-247d0aa4b28a",
		"cfabf80f-ffa3-406a-af1b-4be09f9d798f"
	],
	"folders_order": [],
	"folders": [],
	"requests": [
		{
			"id": "13464cf2-7ec2-4b78-86df-6893c024dd65",
			"name": "[Car] Update",
			"url": "http://localhost:49746/api/Car/1",
			"description": "",
			"data": [],
			"dataMode": "raw",
			"headerData": [
				{
					"key": "Content-Type",
					"value": "application/json"
				}
			],
			"method": "PUT",
			"pathVariableData": [],
			"queryParams": [],
			"auth": null,
			"events": [],
			"folder": null,
			"rawModeData": "{\n\t\"id\": 1,\n\t\"brand\": \"Chevrolet\",\n\t\"model\": \"Vectra\",\n\t\"color\": \"Preto\",\n\t\"year\": \"2009\",\n\t\"price\": 12000.00,\n\t\"description\": \"Vectra elegance hatch\",\n\t\"isNew\": false\n}",
			"headers": "Content-Type: application/json\n",
			"pathVariables": {}
		},
		{
			"id": "15823774-8ccb-4240-8727-b4dac38208e0",
			"name": "[Car] List all",
			"url": "http://localhost:49746/api/Car",
			"description": "",
			"data": null,
			"dataMode": "params",
			"headerData": [],
			"method": "GET",
			"pathVariableData": [],
			"queryParams": [],
			"auth": null,
			"events": [],
			"folder": null,
			"headers": "",
			"pathVariables": {}
		},
		{
			"id": "3240b4c0-a8b6-42fd-bbf5-247d0aa4b28a",
			"name": "[Car] Find by Id",
			"url": "http://localhost:49746/api/Car/1",
			"description": "",
			"data": null,
			"dataMode": "params",
			"headerData": [],
			"method": "GET",
			"pathVariableData": [],
			"queryParams": [],
			"auth": null,
			"events": [],
			"folder": null,
			"headers": "",
			"pathVariables": {}
		},
		{
			"id": "cc2e3f49-fbcb-42ac-b75f-8f3211a5b067",
			"name": "[Car] Save",
			"url": "http://localhost:49746/api/Car",
			"description": "",
			"data": [],
			"dataMode": "raw",
			"headerData": [
				{
					"key": "Content-Type",
					"value": "application/json",
					"description": ""
				}
			],
			"method": "POST",
			"pathVariableData": [],
			"queryParams": [],
			"auth": null,
			"events": [],
			"folder": null,
			"rawModeData": "{\n\t\"brand\": \"Chevrolet\",\n\t\"model\": \"Vectra\",\n\t\"color\": \"Branco\",\n\t\"year\": \"2009\",\n\t\"price\": 17000.00,\n\t\"description\": \"Vectra elegance hatch\",\n\t\"isNew\": false\n}",
			"headers": "Content-Type: application/json\n",
			"pathVariables": {}
		},
		{
			"id": "cfabf80f-ffa3-406a-af1b-4be09f9d798f",
			"name": "[Car] Delete",
			"url": "http://localhost:49746/api/Car/1",
			"description": "",
			"data": null,
			"dataMode": "params",
			"headerData": [],
			"method": "DELETE",
			"pathVariableData": [],
			"queryParams": [],
			"auth": null,
			"events": [],
			"folder": null,
			"headers": "",
			"pathVariables": {}
		}
	]
}